<?xml version="1.0" encoding="UTF-8"?>
<projectDescription>
	<name>phreeze</name>
	<comment></comment>
	<projects>
		<project>liveaccess</project>
		<project>mtdautomation</project>
		<project>mtdportal</project>
		<project>mtdserv</project>
		<project>mtdshared</project>
	</projects>
	<buildSpec>
		<buildCommand>
			<name>org.eclipse.wst.common.project.facet.core.builder</name>
			<arguments>
			</arguments>
		</buildCommand>
		<buildCommand>
			<name>org.eclipse.wst.validation.validationbuilder</name>
			<arguments>
			</arguments>
		</buildCommand>
		<buildCommand>
			<name>org.eclipse.dltk.core.scriptbuilder</name>
			<arguments>
			</arguments>
		</buildCommand>
	</buildSpec>
	<natures>
		<nature>org.eclipse.php.core.PHPNature</nature>
		<nature>org.eclipse.wst.common.project.facet.core.nature</nature>
	</natures>
</projectDescription>
